{
  "products": [
    {
      "id": 8,
      "name": "Northwoods Cranberry Sauce",
      "price": 40,
      "stock": 6
    },
    {
      "id": 9,
      "name": "Mishi Kobe Niku",
      "price": 97,
      "stock": 29
    },
    {
      "id": 11,
      "name": "Queso Cabrales",
      "price": 21,
      "stock": 22
    },
    {
      "id": 12,
      "name": "Queso Manchego La Pastora",
      "price": 38,
      "stock": 86
    },
    {
      "id": 13,
      "name": "Konbu",
      "price": 6,
      "stock": 24
    },
    {
      "id": 14,
      "name": "Tofu",
      "price": 23.25,
      "stock": 35
    },
    {
      "id": 15,
      "name": "Genen Shouyu",
      "price": 15.5,
      "stock": 39
    },
    {
      "id": 16,
      "name": "Pavlova",
      "price": 17.45,
      "stock": 29
    },
    {
      "id": 17,
      "name": "Alice Mutton",
      "price": 39,
      "stock": 0
    },
    {
      "id": 18,
      "name": "Carnarvon Tigers",
      "price": 62.5,
      "stock": 42
    },
    {
      "id": 19,
      "name": "Teatime Chocolate Biscuits",
      "price": 9.2,
      "stock": 25
    },
    {
      "id": 20,
      "name": "Sir Rodney's Marmalade",
      "price": 81,
      "stock": 40
    },
    {
      "id": 21,
      "name": "Sir Rodney's Scones",
      "price": 10,
      "stock": 3
    },
    {
      "id": 22,
      "name": "Gustaf's Knäckebröd",
      "price": 21,
      "stock": 104
    },
    {
      "id": 23,
      "name": "Tunnbröd",
      "price": 9,
      "stock": 61
    },
    {
      "id": 24,
      "name": "Guaraná Fantástica",
      "price": 4.5,
      "stock": 20
    },
    {
      "id": 25,
      "name": "NuNuCa Nuß-Nougat-Creme",
      "price": 14,
      "stock": 76
    },
    {
      "id": 26,
      "name": "Gumbär Gummibärchen",
      "price": 31.23,
      "stock": 15
    },
    {
      "id": 27,
      "name": "Schoggi Schokolade",
      "price": 43.9,
      "stock": 49
    },
    {
      "id": 28,
      "name": "Rössle Sauerkraut",
      "price": 45.6,
      "stock": 26
    },
    {
      "id": 29,
      "name": "Thüringer Rostbratwurst",
      "price": 123.79,
      "stock": 0
    },
    {
      "id": 30,
      "name": "Nord-Ost Matjeshering",
      "price": 25.89,
      "stock": 10
    },
    {
      "id": 31,
      "name": "Gorgonzola Telino",
      "price": 12.5,
      "stock": 0
    },
    {
      "id": 32,
      "name": "Mascarpone Fabioli",
      "price": 32,
      "stock": 9
    },
    {
      "id": 33,
      "name": "Geitost",
      "price": 2.5,
      "stock": 112
    },
    {
      "id": 34,
      "name": "Sasquatch Ale",
      "price": 14,
      "stock": 111
    },
    {
      "id": 35,
      "name": "Steeleye Stout",
      "price": 18,
      "stock": 20
    },
    {
      "id": 36,
      "name": "Inlagd Sill",
      "price": 19,
      "stock": 112
    },
    {
      "id": 37,
      "name": "Gravad lax",
      "price": 26,
      "stock": 11
    },
    {
      "id": 38,
      "name": "Côte de Blaye",
      "price": 263.5,
      "stock": 17
    },
    {
      "id": 39,
      "name": "Chartreuse verte",
      "price": 18,
      "stock": 69
    },
    {
      "id": 40,
      "name": "Boston Crab Meat",
      "price": 18.4,
      "stock": 123
    },
    {
      "id": 41,
      "name": "Jack's New England Clam Chowder",
      "price": 9.65,
      "stock": 85
    },
    {
      "id": 42,
      "name": "Singaporean Hokkien Fried Mee",
      "price": 14,
      "stock": 26
    },
    {
      "id": 43,
      "name": "Ipoh Coffee",
      "price": 46,
      "stock": 17
    },
    {
      "id": 44,
      "name": "Gula Malacca",
      "price": 19.45,
      "stock": 27
    },
    {
      "id": 45,
      "name": "Rogede sild",
      "price": 9.5,
      "stock": 5
    },
    {
      "id": 46,
      "name": "Spegesild",
      "price": 12,
      "stock": 95
    },
    {
      "id": 47,
      "name": "Zaanse koeken",
      "price": 9.5,
      "stock": 36
    },
    {
      "id": 48,
      "name": "Chocolade",
      "price": 12.75,
      "stock": 15
    },
    {
      "id": 49,
      "name": "Maxilaku",
      "price": 20,
      "stock": 10
    },
    {
      "id": 50,
      "name": "Valkoinen suklaa",
      "price": 16.25,
      "stock": 65
    },
    {
      "id": 51,
      "name": "Manjimup Dried Apples",
      "price": 53,
      "stock": 20
    },
    {
      "id": 52,
      "name": "Filo Mix",
      "price": 7,
      "stock": 38
    },
    {
      "id": 53,
      "name": "Perth Pasties",
      "price": 32.8,
      "stock": 0
    },
    {
      "id": 54,
      "name": "Tourtière",
      "price": 7.45,
      "stock": 21
    },
    {
      "id": 55,
      "name": "Pâté chinois",
      "price": 24,
      "stock": 115
    },
    {
      "id": 56,
      "name": "Gnocchi di nonna Alice",
      "price": 38,
      "stock": 21
    },
    {
      "id": 57,
      "name": "Ravioli Angelo",
      "price": 19.5,
      "stock": 36
    },
    {
      "id": 58,
      "name": "Escargots de Bourgogne",
      "price": 13.25,
      "stock": 62
    },
    {
      "id": 59,
      "name": "Raclette Courdavault",
      "price": 55,
      "stock": 79
    },
    {
      "id": 60,
      "name": "Camembert Pierrot",
      "price": 34,
      "stock": 19
    },
    {
      "id": 61,
      "name": "Sirop d'érable",
      "price": 28.5,
      "stock": 113
    },
    {
      "id": 62,
      "name": "Tarte au sucre",
      "price": 49.3,
      "stock": 17
    },
    {
      "id": 63,
      "name": "Vegie-spread",
      "price": 43.9,
      "stock": 24
    },
    {
      "id": 64,
      "name": "Wimmers gute Semmelknödel",
      "price": 33.25,
      "stock": 22
    },
    {
      "id": 65,
      "name": "Louisiana Fiery Hot Pepper Sauce",
      "price": 21.05,
      "stock": 76
    },
    {
      "id": 66,
      "name": "Louisiana Hot Spiced Okra",
      "price": 17,
      "stock": 4
    },
    {
      "id": 67,
      "name": "Laughing Lumberjack Lager",
      "price": 14,
      "stock": 52
    },
    {
      "id": 68,
      "name": "Scottish Longbreads",
      "price": 12.5,
      "stock": 6
    },
    {
      "id": 69,
      "name": "Gudbrandsdalsost",
      "price": 36,
      "stock": 26
    },
    {
      "id": 70,
      "name": "Outback Lager",
      "price": 15,
      "stock": 15
    },
    {
      "id": 71,
      "name": "Flotemysost",
      "price": 21.5,
      "stock": 26
    },
    {
      "id": 72,
      "name": "Mozzarella di Giovanni",
      "price": 34.8,
      "stock": 14
    },
    {
      "id": 73,
      "name": "Röd Kaviar",
      "price": 15,
      "stock": 101
    },
    {
      "id": 74,
      "name": "Longlife Tofu",
      "price": 10,
      "stock": 4
    },
    {
      "id": 75,
      "name": "Rhönbräu Klosterbier",
      "price": 7.75,
      "stock": 125
    },
    {
      "id": 76,
      "name": "Lakkalikööri",
      "price": 18,
      "stock": 57
    },
    {
      "id": 77,
      "name": "Original Frankfurter grüne Soße",
      "price": 13,
      "stock": 32
    },
    {
      "name": "Apple",
      "price": 11,
      "stock": 22,
      "id": 78
    },
    {
      "name": "Apple",
      "price": 11,
      "stock": 22,
      "id": 79
    },
    {
      "name": "Orange",
      "price": 10,
      "stock": 20,
      "id": 80
    },
    {
      "name": "Grapes",
      "price": 30,
      "stock": 40,
      "id": 81
    }
  ]
}